Designation,LCDB_Period [hours],Best_Period [hours],Manual_Overwrite,Reliability_Flag,Comments,#Minima,Chi2_g,Chi2_r,Avg_Chi2,N_obs_g,N_obs_r,Amplitude,Peak_Period,Half_Period,Twice_Period,Diameter,Diameter_Unit
588,7.306,4.81,,1,,2,4.20472878,2.306200893,3.255464837,73,132,0.1520389517,9.012,4.81,18.06,130.099,km
624,6.924,6.92,,3,,2,3.764299402,2.969744355,3.367021878,92,214,0.3145844488,3.46,1.72,6.92,225,km
659,15.98,9.586,,2,,2,1.236996599,1.230387781,1.23369219,46,124,0.1489446645,9.586,4.793,17.968,112.32,km
911,6.592,6.582,,3,,2,3.307677209,4.447780596,3.877728902,78,215,0.1504888176,3.291,1.714,6.582,131.038,km
1143,10.114,5.056,10.111,3,,2,2.280273958,1.55288538,1.916579669,67,115,0.08701515289,10.111,5.056,19.228,114.624,km
1404,29.411,29.397,,3,,2,0.9638800768,1.027204429,0.9955422529,95,197,0.1121232591,14.699,7.239,29.397,83.99,km
1437,24.49,24.495,,3,,2,3.903096747,4.005486722,3.954291735,132,332,0.2471333747,24.495,11.99,48.051,117.786,km
1583,15.759,11.982,15.759,3,,2,1.601092255,1.285490069,1.443291162,104,253,0.1016306858,24.147,11.982,35.946,108.842,km
1647,17.74,17.749,,3,,2,1.05939688,1.324596372,1.191996626,69,108,0.1044683813,8.875,4.204,17.749,42.716,km
1749,16.975,24.117,11.992,2,,2,0.7968380093,1.198632865,0.9977354371,56,97,0.06236757346,24.117,11.992,36.039,64.898,km
1868,10.492,10.477,,3,,2,2.638313078,1.74438682,2.191349949,80,123,0.1345699355,10.477,5.238,20.117,68.163,km
2363,20.099,47.9,20.099,2,,2,1.616759135,1.743271972,1.680015554,98,186,0.1543118422,47.9,23.956,49.949,95.976,km
2456,7.24,3.626,7.24,3,,2,2.445065787,2.361756913,2.40341135,67,144,0.1072190785,7.252,3.626,15.598,65.916,km
2797,10.145,24.102,10.145,2,,2,1.160381258,2.193130012,1.676755635,51,84,0.1381908651,24.102,11.993,24.563,89.43,km
2893,8.945,8.95,,3,,2,1.346044092,1.361152702,1.353598397,55,98,0.1558545839,4.475,2.314,8.95,86.884,km
2895,7.516,3.76,,1,,1,1.231038534,1.267116054,1.249077294,57,134,0.1634496316,3.76,2.02,7.985,56.706,km
2920,10.212,8.417,,3,Wrong LCDB?,2,2.843698698,3.19373534,3.018717019,127,224,0.1503117236,15.319,8.417,23.955,88.574,km
3063,8.64,4.788,,1,,2,1.181781887,1.275619401,1.228700644,86,202,0.03472338133,10.249,4.788,19.569,111.655,km
3317,7.0812,9.629,,1,,2,1.801544984,1.739186533,1.770365758,123,216,0.06663279816,9.629,4.814,17.344,118.79,km
3391,8.135,8.137,,3,,2,0.9797582914,0.9271673891,0.9534628402,82,134,0.2488729399,8.137,4.069,14.706,37.862,km
3451,7.702,6.85,,3,Wrong LCDB,2,3.617529006,2.501442254,3.05948563,78,196,0.1059555707,14.376,6.85,17.99,126.288,km
3548,8.711,4.771,,2,,2,1.676073896,1.431026251,1.553550074,63,134,0.06858067665,9.438,4.771,17.947,63.885,km
3564,40.59,40.502,,3,,2,0.7597259096,1.142987546,0.951356728,81,124,0.1295232707,40.502,20.251,88.084,73.73,km
3596,12.96,24.145,,1,,2,1.171547823,0.8623261703,1.016936997,78,184,0.1076620724,24.145,12.003,27.968,87.38,km
3709,10.039,23.893,,1,,2,1.523299718,1.583679319,1.553489518,87,146,0.1885599967,23.893,11.982,24.756,65.297,km
3793,5.621,4.798,,1,,2,2.317020556,2.576418009,2.446719282,58,116,0.1750385912,4.798,2.399,10.28,112.046,km
3794,12.877,12.841,,3,,2,0.7656956953,0.8794077752,0.8225517352,54,195,0.1353432266,12.841,6.42,27.653,34.531,km
3801,20.27,24.762,20.27,3,,2,0.7156518737,0.9299729935,0.8228124336,84,138,0.0892200393,24.762,12.007,48.121,34.285,km
4035,13.467,13.475,,3,,2,1.212228349,1.561664643,1.386946496,78,130,0.1153039099,13.475,6.738,28.1,68.733,km
4068,14.4,14.334,,3,,2,1.869603534,1.684980786,1.77729216,58,126,0.1655035856,14.334,7.167,30.688,67.625,km
4501,6.941,6.936,,3,,2,0.5828801665,0.7315076641,0.6571939153,99,172,0.1357723132,6.936,3.468,14.64,45.524,km
4543,38.866,38.822,,3,,2,1.563132028,1.350437446,1.456784737,95,298,0.1486921154,38.822,19.412,82.807,63.836,km
5012,46,16.69,,2,,2,0.9369798098,0.924406572,0.9306931909,48,86,0.1142838861,16.69,7.943,33.381,36.96,km
5023,5.402,6.087,,2,,2,0.9426101502,0.7346600566,0.8386351034,57,116,0.05427678119,3.044,1.504,6.087,27.85,km
5025,250,407.082,,2,,2,0.8258927242,0.9743475503,0.9001201372,51,117,0.1178758712,407.082,203.802,611.037,39.843,km
5041,6.52,6.523,,3,,2,0.8422524361,0.8383480369,0.8403002365,69,198,0.1541361984,3.262,1.671,6.523,41.899,km
5209,,11.604,,3,,2,0.950126832,0.8856162692,0.9178715506,115,280,0.1952797777,5.802,2.95,11.604,48.197,km
5244,9.766,9.787,,3,,2,0.9702473125,1.08821663,1.029231971,48,110,0.3099900512,4.893,2.224,9.787,36.689,km
5258,19.85,47.899,,1,,2,1.063494683,1.307430674,1.185462678,53,113,0.2670328766,47.899,24.011,48.645,53.275,km
5259,18.42,12.11,,2,,2,0.9545080188,0.6689077951,0.8117079069,57,118,0.06666265534,24.139,12.11,45.35,44.741,km
5284,10.31,7.847,,2,,2,1.100791963,0.9030296211,1.001910792,83,77,0.05403042558,15.683,7.847,23.35,50.159,km
5285,12.04,9.61,,3,Wrong LCDB?,2,0.9165266343,1.259369727,1.08794818,67,82,0.1364582011,4.805,2.633,9.61,49.606,km
5436,38.41,21.272,,3,Wrong LCDB?,2,1.144211997,1.600534537,1.372373267,65,117,0.3032957732,21.272,10.636,38.289,37.696,km
5648,37.56,37.658,,3,,2,1.017746467,1.168320279,1.093033373,64,87,0.1067282893,37.658,18.829,74.588,59.295,km
6090,18.476,23.82,,1,,3,1.157923545,1.450251062,1.304087303,124,189,0.1577440951,23.82,11.981,45.241,59.568,km
6545,16.26,12.173,,3,Wrong LCDB; good example,2,1.011825538,1.115502901,1.06366422,122,295,0.1141740863,12.173,6.087,24.485,50.951,km
6997,,20.885,,2,,2,1.598279394,1.603963798,1.601121596,51,85,0.2191868985,11.154,5.777,20.885,37.549,km
7119,400,983.852,,2,,2,3.037515508,3.065095884,3.051305696,208,324,0.131606866,648.189,314.493,983.852,59.15,km
7214,,11.501,,2,,2,0.5057214742,0.7432809021,0.6245011881,55,82,0.114636918,25.513,11.501,54.607,19.996,km
7543,17.8,24.312,17.8,2,,2,1.362038938,1.122617712,1.242328325,78,150,0.1289825505,24.312,11.99,43.993,42.893,km
7641,27.77,27.805,,3,,2,1.116755074,1.129757403,1.123256239,231,413,0.2127307296,13.902,6.436,27.805,71.839,km
7815,,28.841,57.681,3,,2,0.913783114,0.8715779826,0.8926805483,69,83,0.09988850436,28.841,13.081,57.681,42.516,km
8060,6.47686,9.597,,1,,2,1.049128206,1.116456051,1.082792129,57,207,0.0984649584,4.799,2.4,9.597,37.873,km
8125,,52.608,,3,,2,2.219905151,2.398346175,2.309125663,87,265,0.3074065723,26.304,12.55,52.608,27.088,km
8241,17.89,17.901,,3,,2,0.6063443866,0.5817744106,0.5940593986,61,132,0.1603714716,8.951,4.221,17.901,27.174,km
8317,,44.48,,2,,2,0.4802261796,0.7066035212,0.5934148504,57,144,0.1001378013,44.48,20.312,57.651,26.21,km
9023,30.66,27.888,,2,,2,0.7751830225,0.827098795,0.8011409087,95,145,0.08330842221,27.888,13.944,56.079,49.151,km
9431,,19.871,,3,,2,0.8703809932,0.9752722895,0.9228266414,82,114,0.2214815817,19.871,9.935,40.729,38.358,km
9694,18.2,18.113,,3,,2,0.7238600805,0.8057621425,0.7648111115,66,82,0.2145170839,18.113,9.057,37.048,31.736,km
9799,21.52,21.726,,3,,2,0.8518746227,1.055866906,0.9538707644,196,392,0.08290225265,21.726,11.389,43.452,68.033,km
9807,346,329.681,,3,,2,0.811419933,0.7909713915,0.8011956623,52,96,0.2448083605,164.852,84.023,329.681,24.683,km
9857,,16.973,,3,,2,0.7033893014,0.7465330529,0.7249611772,135,343,0.08614220991,16.973,8.486,33.382,49.518,km
10247,34.26,39.325,34.26,3,,3,0.513970103,0.6861534793,0.6000617912,60,91,0.1304430994,39.325,18.782,82.442,26.826,km
10664,,7.879,,3,,2,0.6305912814,0.7577875315,0.6941894064,97,187,0.1177669137,3.94,1.838,7.879,30.963,km
11252,9.15,6.559,,2,,2,0.6359421041,0.8453635227,0.7406528134,48,86,0.07676126641,13.119,6.559,19.677,41.093,km
11351,445.683,447.805,,3,,2,0.9391087763,0.9921642744,0.9656365254,92,223,0.3418035975,223.928,114.222,447.805,34.155,km
11395,17.383,35.898,17.383,3,,2,0.8000215498,1.10851866,0.9542701051,110,177,0.1512293438,35.898,17.964,41.117,68.977,km
11397,12.7,11.982,,2,,2,1.246695328,1.398948458,1.322821893,122,262,0.09863742329,23.887,11.982,27.142,45.431,km
12238,7.284,7.282,,3,,2,0.9505085559,0.9335359988,0.9420222773,77,147,0.1453489366,3.641,1.97,7.282,30.252,km
12658,,12.228,,1,,1,0.6334569928,0.6612815784,0.6473692856,60,163,0.271460435,12.228,6.176,24.973,26.458,km
12714,28.48,28.465,,3,,2,0.7865213017,0.8140990465,0.8003101741,65,122,0.08081452337,28.465,14.234,56.028,47.819,km
12916,,71.861,,1,,3,0.7076762823,0.744095956,0.7258861192,117,198,0.1031170197,71.861,35.921,71.96,22.289,km
12917,,24.194,,2,,2,0.580523869,0.73811266,0.6593182645,56,125,0.124360755,24.194,12.065,49.302,24.505,km
13060,,41.433,,3,,2,1.380356654,2.032197309,1.706276982,171,275,0.1900025665,41.433,20.717,62.151,36.148,km
13062,,47.898,,2,,2,1.150867295,1.3574568,1.254162048,70,135,0.1730662497,47.898,24.026,71.853,28.958,km
13182,,47.843,,1,,2,0.8713147595,0.5957940827,0.7335544211,68,143,0.09772267616,47.843,23.918,71.763,30.901,km
13183,20.232,11.989,20.232,2,,2,1.414737306,1.319085692,1.366911499,82,180,0.1508385468,23.887,11.989,48.107,41.483,km
13184,11.934,23.777,11.934,3,,2,0.5713707601,0.816301798,0.693836279,90,172,0.07737568316,23.777,11.931,28.08,33.962,km
13230,42.4,42.806,,3,,2,0.5423375435,0.7929251771,0.6676313603,52,112,0.1078139938,42.806,21.402,91.532,23.927,km
13323,29.23,28.654,,3,,2,0.8906967032,0.7701053741,0.8304010386,50,86,0.2529404163,28.654,14.327,54.138,23.198,km
13331,375,372.27,,3,,2,0.765679826,0.8880832257,0.8268815258,57,129,0.2349313367,372.27,186.07,818.992,17.676,km
13362,15.13,9.316,,2,,1,0.8005459387,0.7762724121,0.7884091754,47,96,0.1003970352,9.316,4.658,17.351,28.324,km
13383,,5.852,,2,,2,0.6371089605,0.6313643998,0.6342366801,95,200,0.07718828593,5.852,2.926,11.704,24.267,km
13463,,71.856,,1,,2,0.6282847777,0.6108594112,0.6195720945,83,136,0.3237435424,71.856,35.942,71.955,25.326,km
13475,,10.351,,3,,2,0.4430637401,0.7236054086,0.5833345744,50,85,0.1025751143,5.175,2.347,10.351,22.073,km
13694,30.64,18.433,,3,Wrong LCDB?,2,1.476848837,1.924118243,1.70048354,106,201,0.2025807847,40.073,18.433,74.153,29.285,km
14235,,47.845,,2,,3,0.6256908217,0.7585293204,0.6921100711,62,151,0.2054154113,47.845,23.956,71.768,28.53,km
14268,7.51,7.512,,3,,2,0.9326699031,0.9446625479,0.9386662255,67,173,0.1377941644,3.756,1.877,7.512,57.54,km
14707,,12.17,,2,,3,0.6952053044,0.802634852,0.7489200782,77,99,0.1779590911,12.17,6.132,24.735,25.942,km
15033,,4.596,,3,,2,1.134887817,1.277198651,1.206043234,65,138,0.1022603901,8.529,4.596,15.558,33.292,km
15094,5.8607,9.33,5.8607,3,,3,0.6501320897,0.6845389326,0.6673355111,53,162,0.07726795361,9.33,4.541,13.391,21.075,km
15398,,8.583,,3,,2,0.6414176887,0.7657255925,0.7035716406,70,92,0.1137683379,8.583,4.619,18.261,35.516,km
15436,8.97,4.351,,2,,2,1.335183495,1.339751288,1.337467391,93,196,0.06454287618,4.351,2.339,7.952,87.646,km
15527,6.9903,6.992,,3,,2,1.162278674,1.369147901,1.265713288,76,96,0.1978992078,3.496,1.75,6.992,36.433,km
15535,6.016,5.342,,3,,2,0.8184456323,0.914869386,0.8666575092,49,100,0.1016179691,2.671,1.341,5.342,39.767,km
15663,,9.92,,3,,2,0.853868421,1.038644409,0.946256415,51,121,0.2383716028,9.92,4.96,18.77,36.2,km
16956,8.84,10.491,8.84,3,,1,0.5338070304,0.7497258031,0.6417664167,97,170,0.1026123879,10.491,5.246,20.152,38.583,km
16974,78.9,77.707,,3,,2,1.688609506,2.049627173,1.86911834,89,144,0.1590826543,77.707,38.86,142.244,57.341,km
17172,47.02,94.71,,3,Wrong LCDB; good example,2,0.7445447948,1.040770578,0.8926576864,68,147,0.08036836055,48.246,23.656,94.71,34.482,km
18046,36,56.817,,3,Wrong LCDB?,2,0.684775022,0.7007769571,0.6927759895,109,200,0.101888173,56.817,28.408,85.224,42.736,km
18060,15.5,15.46,,3,,2,0.6877365463,0.8539976643,0.7708671053,56,106,0.2346123178,7.73,3.928,15.46,36.431,km
18062,9.773,9.774,,3,,2,0.817920652,1.117631672,0.9677761622,49,82,0.3222781483,4.887,2.286,9.774,30.334,km
18063,,39.538,,3,,2,0.7382342854,0.7587168651,0.7484755752,69,169,0.1317135472,19.769,10.827,39.538,31.122,km
18071,,10.264,20.528,3,,2,0.7133817875,0.6696225746,0.691502181,67,147,0.1386293397,10.264,5.529,20.528,22.183,km
18263,10.39,10.33,,3,,2,0.6349712764,0.7223333452,0.6786523108,117,273,0.2017103609,10.33,5.165,19.758,21.331,km
20729,5.72,7.999,4,1,,2,2.109292194,1.658888402,1.884090298,95,241,0.2023852632,4,2,7.999,50.961,km
20952,,8.928,,3,,2,0.5645160714,0.6057655122,0.5851407918,68,112,0.08727295379,8.928,4.466,16.472,,
21601,12.65,26.205,,3,Wrong LCDB,2,1.020941228,1.184185103,1.102563165,129,248,0.1739453682,26.205,13.103,28.945,54.909,km
21900,13.45,13.484,,3,,2,0.713065889,0.8605407354,0.7868033122,78,133,0.09636257476,13.484,6.742,28.158,50.81,km
22014,,24.907,,3,,2,0.9685949877,1.102576523,1.035585756,163,285,0.154786245,12.453,6.107,24.907,39.487,km
22035,,66.227,,3,,2,0.7130806428,0.846010068,0.7795453554,104,155,0.1471076337,41.683,19.288,66.227,23.739,km
22054,,71.766,,1,,3,0.417415299,0.7396809938,0.5785481464,93,189,0.1698679843,71.766,35.942,71.94,34,km
22055,,47.9,,1,,3,0.8196515196,0.92288398,0.8712677498,59,78,0.1962822837,47.9,23.953,71.848,31.816,km
22056,57.1,55.484,,3,,2,1.008726423,1.511355309,1.260040866,49,109,0.3995572078,27.741,12.866,55.484,24.775,km
22059,,6.543,,3,,2,0.5345720806,0.6569131576,0.5957426191,65,72,0.1077542905,6.543,3.272,13.5,25.376,km
22149,7.84,9.594,,2,,2,1.190399806,1.182598012,1.186498909,107,241,0.1027110884,4.798,2.4,9.594,48.19,km
22227,,6.168,,3,,2,0.7458525783,0.834306831,0.7900797046,71,100,0.1728784424,3.084,1.416,6.168,,
23119,,14.541,,3,,2,0.9310895103,1.101079282,1.016084396,84,217,0.1775853902,7.271,3.806,14.541,32.954,km
23135,8.69,3.935,,1,,2,1.207192475,1.064319786,1.135756131,90,196,0.05101757585,7.788,3.935,15.983,66.23,km
23144,,11.141,41.678,3,,2,0.7281043534,0.933119656,0.8306120047,59,127,0.2252745284,20.84,11.141,41.678,19.007,km
23269,,36.578,,1,,3,0.6376231821,0.7465600152,0.6920915986,54,109,0.1140127106,36.578,18.29,71.012,24.114,km
23285,,8.783,,3,,2,0.8967216101,0.8008367448,0.8487791774,66,136,0.1397872834,8.783,4.392,16.136,29.69,km
23480,4.07,7.533,,1,,1,1.156986971,1.397237258,1.277112115,100,172,0.1482899393,7.533,4.138,8.498,27.621,km
23709,13.08,13.071,,3,,2,0.8309390023,0.7685692715,0.7997541369,49,83,0.2355523704,6.536,3.594,13.071,20.368,km
23710,,5.682,,3,,2,0.5275917836,0.6117635516,0.5696776676,66,97,0.100496388,5.682,2.841,11.175,17.104,km
23958,562,605.675,,2,,2,1.660427687,1.888619876,1.774523781,156,219,0.1036353446,1208.743,605.675,1303.621,46.001,km
23963,,9.918,,1,,1,0.5722684345,0.6120002034,0.592134319,67,158,0.2150642989,9.918,4.959,18.764,19.945,km
24233,,11.936,47.728,3,,2,0.8206225657,1.006995889,0.9138092276,56,99,0.1587901142,23.803,11.936,47.728,22.641,km
24244,,10.025,,3,,2,0.6299827785,1.096534099,0.8632584385,114,280,0.1316243905,10.025,5.226,22.022,35.342,km
24275,57.98,127.5,,2,,2,0.9572574869,0.8015241213,0.8793908041,66,117,0.078084319,127.5,60.46,136.281,28.389,km
24279,,24.345,,1,,2,0.5059944392,0.649418607,0.5777065231,68,99,0.08220551215,48.675,24.345,70.806,20.315,km
24380,,71.876,,3,,2,0.7578019647,0.928086415,0.8429441899,66,165,0.1240949378,71.876,35.969,71.952,31.607,km
24505,14.8068,14.806,,3,,2,0.5660666525,0.7293002351,0.6476834438,94,211,0.1112114396,14.806,7.403,32.114,31.888,km
24506,,32.258,,2,,2,0.7150478706,0.6187813383,0.6669146044,56,129,0.07726301174,32.258,16.129,64.501,39.052,km
24519,,40.874,,3,,2,0.5331468441,0.8885750692,0.7108609567,51,87,0.1740801198,20.437,11.039,40.874,26.279,km
24534,19.417,48.367,19.417,2,,2,0.7016830768,0.8066644104,0.7541737436,66,161,0.08688906637,47.66,23.764,48.367,29.913,km
24536,,10.648,,3,,2,0.7135924673,0.7024193468,0.708005907,80,95,0.1355724157,5.324,2.397,10.648,,
24537,10.489,10.488,,3,,2,0.51324745,0.7338773432,0.6235623966,64,169,0.1834418471,10.488,5.244,20.145,31.158,km
25911,8.8,8.761,,3,,2,0.7940035575,1.121765241,0.9578843992,65,74,0.1464160041,4.38,2.272,8.761,18.098,km
29603,,28.312,,3,,2,0.5810180569,0.6589295396,0.6199737982,95,132,0.1620887284,28.312,14.155,54.983,32.512,km
29977,,10.428,,3,,2,0.5728479859,0.724172218,0.648510102,61,90,0.1689373369,10.428,5.214,19.999,33.098,km
31806,,46.763,,3,,2,0.4258196541,0.8004855857,0.6131526199,66,96,0.1578747787,23.658,11.828,46.763,23.794,km
32480,,47.908,,1,,2,0.7515200897,0.6228055979,0.6871628438,53,83,0.120269908,23.824,11.973,47.908,29.583,km
34746,19.633,47.915,,1,,2,2.119377988,1.435198069,1.777288028,61,107,0.2002197278,45.527,23.924,47.915,61.684,km
35276,,71.863,,1,,3,0.7906545285,0.6290784248,0.7098664766,57,90,0.2531957588,71.863,35.922,71.949,25.296,km
36267,,6.486,,3,,2,0.7207144723,0.826808604,0.7737615382,115,224,0.1699776916,6.486,3.243,13.338,39.393,km
37297,,71.863,,1,,1,0.6217193493,0.6430813174,0.6324003334,90,159,0.1613040065,71.863,35.943,71.955,26.879,km
37299,,19.491,,3,,2,1.255033797,1.087413282,1.17122354,75,102,0.1538957259,10.599,5.009,19.491,25.017,km
37301,,47.853,,1,,2,0.5534213937,0.6971112139,0.6252663038,71,106,0.1160163644,24.1,12.01,47.853,27.099,km
38050,18.854,18.854,,3,,2,1.792166782,1.826287635,1.809227208,190,291,0.0789071659,9.427,4.788,18.854,61.603,km
38610,,16.93,,3,,2,0.5581142885,0.6958019291,0.6269581088,60,123,0.1188806994,16.93,8.465,35.348,29.497,km
39264,,4.346,,1,,2,0.5889694543,0.8027373797,0.695853417,77,102,0.04249178296,8.986,4.346,16.407,35.944,km
39280,,18.71,37.423,3,,2,0.7138178953,0.6900084111,0.7019131532,59,80,0.2086402629,18.71,8.807,37.423,,
39369,,71.852,,1,,3,0.4878447399,0.8126879411,0.6502663405,62,133,0.2504552555,71.852,35.966,71.963,33.218,km
39794,,11.812,,1,,2,0.6902285359,0.7361882975,0.7132084167,49,91,0.1926078495,11.812,5.91,23.624,19.594,km
41340,,13.849,,3,,2,0.5060465512,0.6907064318,0.5983764915,56,100,0.1472280242,6.924,3.709,13.849,34.95,km
42036,,35.132,,1,,3,0.6264910437,0.6843975537,0.6554442987,62,85,0.09934442469,35.132,15.953,68.588,,
42146,,56.368,,3,,2,0.7222141669,0.5901538431,0.656184005,67,114,0.1234321869,56.368,28.184,62.42,,
42168,,7.206,,3,,2,0.5625443281,0.7952130457,0.6788786869,77,86,0.1480320028,3.603,1.649,7.206,18.934,km
48373,,21.405,10.175,2,,3,0.6561970106,0.6745733405,0.6653851756,67,80,0.1410389477,21.405,10.175,42.963,20.267,km
51378,,48.565,,3,,2,0.6503469669,0.6537771481,0.6520620575,127,192,0.1654104864,24.283,12.055,48.565,23.229,km
53418,,14.178,,3,,2,0.722680259,0.6574617558,0.6900710074,77,125,0.09426020454,7.511,3.755,14.178,25.302,km
53436,,52.895,,3,,2,1.306322164,1.269918484,1.288120324,61,72,0.1605635536,27.285,12.751,52.895,28.399,km
53449,,50.965,,3,,2,0.6966937912,1.108149206,0.9024214988,71,114,0.3895319626,25.482,12.359,50.965,,
55419,,19.282,,1,,1,0.6250483649,0.6271757224,0.6261120436,68,97,0.1615132169,19.282,8.786,41.583,31.406,km
55563,,42.55,,3,,2,0.7857456984,0.9113300095,0.8485378539,122,217,0.1305823082,42.55,21.274,63.826,26.631,km
59049,6.173,6.172,,3,,2,0.9188981031,0.9631517107,0.9410249069,117,180,0.2809856185,3.086,1.478,6.172,,
60383,,7.695,,1,,2,0.6965961612,0.651676552,0.6741363566,76,142,0.08060785436,7.695,4.226,16.256,34.916,km
60401,,4.732,,1,,2,0.5074245396,0.6842291767,0.5958268581,101,163,0.04874607888,8.662,4.732,17.013,18.382,km
63195,7.113,10.514,7.113,3,,2,0.5839816576,0.6226961284,0.603338893,83,154,0.2488465252,10.514,5.423,14.859,24.692,km
63287,17.682,43.407,,3,,2,0.9989514719,1.066862907,1.032907189,48,87,0.3144448043,26.682,12.617,43.407,18.666,km
65257,17.83,17.856,,3,,2,0.4569041869,0.6781491513,0.5675266691,57,100,0.2040076749,17.856,8.928,35.13,23.01,km
67065,,71.861,,2,,1,0.8430889128,1.039883752,0.9414863322,120,185,0.1689955695,71.861,35.921,71.959,,
68444,,5.654,,2,,1,0.5814479812,0.5995784262,0.5905132037,90,127,0.151594773,5.654,2.827,11.099,28.373,km
85798,,14.623,,2,,2,0.6583052573,0.756212579,0.7072589181,130,158,0.0819402826,14.623,7.312,31.581,,
85807,,18.872,,1,,1,0.5368600968,0.7062327338,0.6215464153,93,159,0.2908286105,18.872,8.533,39.777,22.309,km
90337,60,4.832,,2,,2,0.7620130152,0.6576629187,0.7098379669,68,118,0.063203764,9.027,4.832,16.284,29.391,km
103989,,5.496,,3,,2,0.6144341871,0.5843987333,0.5994164602,51,106,0.161048109,5.496,2.748,10.696,21.913,km
107804,,36.192,17.887,2,,3,0.8263156786,0.7024801628,0.7643979207,59,93,0.151304122,36.192,17.887,70.723,18.303,km
116969,,10.359,,3,,2,0.7954545176,0.7300370896,0.7627458036,90,215,0.1651396785,10.359,4.853,19.588,20.798,km
117447,,29.549,,3,,2,0.5875290503,0.7588814165,0.6732052334,52,90,0.1705526988,29.549,14.774,63.071,30.603,km
130190,,70.803,,2,,2,1.568175256,1.897996751,1.733086003,68,119,0.2512134421,58.522,29.843,70.803,17.168,km
134720,,5.112,,3,,2,0.6273776055,0.6043787842,0.6158781949,84,187,0.1116291147,5.112,2.557,9.746,28.299,km
134749,,6.994,,3,,2,0.5095980474,0.7092845907,0.6094413191,59,132,0.1504948969,6.994,3.497,14.812,25.881,km
134965,10.596,10.596,,3,,2,0.5316696542,0.6321113883,0.5818905212,67,123,0.2060573664,5.298,2.813,10.596,18.586,km
160135,,47.803,,2,,2,0.6131324688,0.8571791497,0.7351558092,88,143,0.1207438041,23.848,11.976,47.803,,
160140,,9.036,18.072,3,,2,0.5110543242,0.6432513731,0.5771528487,56,101,0.4622747772,9.036,4.24,18.072,19.285,km
161717,,5.784,,3,,2,0.5146494704,0.5283844687,0.5215169695,62,78,0.1632645453,5.784,2.893,11.436,19.053,km
163256,,71.858,,2,,1,0.5301216839,0.5396903545,0.5349060192,68,93,0.3394100139,71.858,35.92,71.956,17.152,km
167686,,71.499,,2,,2,0.7579087519,0.7073238631,0.7326163075,72,79,0.132307452,71.499,35.829,71.691,17.679,km
171424,,8.414,15.559,2,,2,0.5493182413,0.5786513064,0.5639847738,66,90,0.07183412517,15.559,8.414,31.119,,
192222,,8.211,,2,,2,0.7136948119,0.7547053815,0.7342000967,69,73,0.136341928,8.211,4.106,16.917,19.361,km
192964,6.23,13.326,7.146,2,,2,0.6467345328,0.7054759978,0.6761052653,59,88,0.1001499715,13.326,7.146,15.016,14.539,km
197593,,47.224,,2,,2,0.4809719861,0.456552929,0.4687624576,69,92,0.07297943162,25.635,11.929,47.224,18.252,km
200029,,12.309,,2,,2,0.5605766525,0.7267590069,0.6436678297,84,197,0.0589892958,26.651,12.309,56.693,20.82,km
200057,,71.976,,1,,2,0.4230089237,0.657602474,0.5403056988,47,97,0.1298072801,69.619,35.591,71.976,,
202752,,47.747,,1,,2,0.7770156667,0.9142237026,0.8456196847,114,175,0.1330078374,47.747,23.989,71.757,21.469,km
202783,,71.874,,1,,2,0.55360772,0.6488828315,0.6012452757,125,142,0.1583853677,71.874,35.946,71.959,21.531,km
224020,,47.85,,1,,1,0.6646745156,0.6222734211,0.6434739684,118,170,0.2293259533,47.85,23.919,71.773,,
228102,7.259,1.78,,1,,1,0.6068359574,0.5962383482,0.6015371528,62,89,0.1599190772,1.78,0.872,3.399,,
236878,,19.302,,1,,3,0.4742694461,0.6098730774,0.5420712618,57,75,0.1063896209,19.302,8.925,36.574,12.965,km
254691,,10.062,,3,,2,0.6007877644,0.5600730908,0.5804304276,51,84,0.2486553617,5.031,2.599,10.062,,
257206,,11.991,,2,,2,0.5970112266,0.4471361116,0.5220736691,84,98,0.102959568,23.859,11.991,47.716,14.791,km
257946,,9.39,,3,,2,0.6001942808,0.7225717874,0.6613830341,67,89,0.158681168,9.39,4.695,17.522,,
263825,,11.193,,3,,2,0.5330034202,0.5893265119,0.5611649661,91,113,0.130264966,11.193,5.596,21.912,,
263840,,71.877,,2,,2,0.5445765268,0.759152114,0.6518643204,73,98,0.1484111997,71.877,35.971,71.934,,
275342,,54.228,,3,,2,0.6910598368,0.8856787688,0.7883693028,86,126,0.2332612142,54.228,27.113,64.441,15.07,km
296672,,11.965,,3,,2,0.6223169007,0.6691117783,0.6457143395,84,78,0.1320604861,23.9,11.965,47.911,,
297111,,11.997,,2,,2,0.5457008314,0.6371570493,0.5914289404,121,157,0.09217056072,24.225,11.997,47.919,,
309707,,23.874,,1,,3,0.7054164586,0.9016028493,0.803509654,52,107,0.2215972285,23.874,11.973,46.333,,
310005,,23.609,48.032,3,,2,0.4999362587,0.5517761498,0.5258562043,91,143,0.1691759443,23.609,11.99,48.032,,
316158,,47.837,,3,,3,0.6412025255,0.9750112411,0.8081068833,62,71,0.2268025992,47.837,24.865,71.757,17.355,km
321597,,48.755,,2,,2,0.5270362957,0.7705248357,0.6487805657,73,100,0.1388896265,24.106,12.077,48.755,11.694,km
343174,,42.364,,3,,2,0.7897778655,0.6555528482,0.7226653568,79,122,0.1347648287,21.183,11.239,42.364,17.108,km
2010BK14,,9.914,,3,,2,0.4599677951,0.5280876287,0.4940277119,48,100,0.1740773341,9.914,4.565,18.779,16.999,km
2010WH12,,13.588,,2,,2,0.5020340192,0.6883214113,0.5951777152,59,101,0.1219122275,13.588,7.016,24.679,,